-- skills
INSERT INTO skills (id, name) VALUES (1, 'HTML/CSS/JavaScript');
INSERT INTO skills (id, name) VALUES (2, 'Node.js');
INSERT INTO skills (id, name) VALUES (3, 'Java');
INSERT INTO skills (id, name) VALUES (4, '.NET');
INSERT INTO skills (id, name) VALUES (5, 'PHP');
INSERT INTO skills (id, name) VALUES (6, 'Ruby');
INSERT INTO skills (id, name) VALUES (7, 'Project Management');
INSERT INTO skills (id, name) VALUES (8, 'Information Architect');
INSERT INTO skills (id, name) VALUES (9, 'Visual Designer');
INSERT INTO skills (id, name) VALUES (10, 'Business Consultant');

-- companies
INSERT INTO companies (id, name) VALUES (61, 'Apple');
INSERT INTO companies (id, name) VALUES (62, 'Google');
INSERT INTO companies (id, name) VALUES (63, 'eBay');
INSERT INTO companies (id, name) VALUES (64, 'Netflix');
INSERT INTO companies (id, name) VALUES (65, 'Facebook');
INSERT INTO companies (id, name) VALUES (66, 'Microsoft');
INSERT INTO companies (id, name) VALUES (67, 'Amazon');
INSERT INTO companies (id, name) VALUES (68, 'Github');
INSERT INTO companies (id, name) VALUES (69, 'Sapient');
INSERT INTO companies (id, name) VALUES (70, 'Uber');

-- projects
INSERT INTO projects (id, name, location, company_id)
VALUES (71, 'Cheerful Planet', 'MIA', 61);

INSERT INTO projects (id, name, location, company_id)
VALUES (72, 'Star Rainbow', 'DEN', 66);

INSERT INTO projects (id, name, location, company_id)
VALUES (73, 'Brave Mountain', 'SFO', 64);

INSERT INTO projects (id, name, location, company_id)
VALUES (74, 'Electron', 'BOS', 69);

INSERT INTO projects (id, name, location, company_id)
VALUES (75, 'Locomotive', 'MIA', 62);

INSERT INTO projects (id, name, location, company_id)
VALUES (76, 'Compass', 'LAX', 61);

INSERT INTO projects (id, name, location, company_id)
VALUES (77, 'Plutonium', 'LAS', 64);

INSERT INTO projects (id, name, location, company_id)
VALUES (78, 'Jupiter', 'ATL', 69);

INSERT INTO projects (id, name, location, company_id)
VALUES (79, 'Scoreboard', 'MIA', 61);

INSERT INTO projects (id, name, location, company_id)
VALUES (80, 'Zeus', 'BOS', 66);

INSERT INTO projects (id, name, location, company_id)
VALUES (81, 'Gamma', 'ORD', 67);

INSERT INTO projects (id, name, location, company_id)
VALUES (82, 'Winter', 'LAS', 70);

INSERT INTO projects (id, name, location, company_id)
VALUES (83, 'Helium', 'BOS', 64);

INSERT INTO projects (id, name, location, company_id)
VALUES (84, 'Orange Fox', 'SFO', 70);

INSERT INTO projects (id, name, location, company_id)
VALUES (85, 'Star Burst', 'SFO', 66);

INSERT INTO projects (id, name, location, company_id)
VALUES (86, 'Puppet', 'DET', 70);

INSERT INTO projects (id, name, location, company_id)
VALUES (87, 'Eastern Railroad', 'DEN', 65);

INSERT INTO projects (id, name, location, company_id)
VALUES (88, 'April Showers', 'DEN', 62);

INSERT INTO projects (id, name, location, company_id)
VALUES (89, 'Dinosaur', 'BOS', 64);

INSERT INTO projects (id, name, location, company_id)
VALUES (90, 'Elastic Cloud', 'SFO', 69);

INSERT INTO projects (id, name, location, company_id)
VALUES (91, 'Rare Jazz', 'ATL', 64);

INSERT INTO projects (id, name, location, company_id)
VALUES (92, 'Tungsten', 'ATL', 64);

INSERT INTO projects (id, name, location, company_id)
VALUES (93, 'Sapphire', 'BOS', 67);

INSERT INTO projects (id, name, location, company_id)
VALUES (94, 'Golden Viper', 'SFO', 61);

INSERT INTO projects (id, name, location, company_id)
VALUES (95, 'Pink Floyd', 'ATL', 62);

INSERT INTO projects (id, name, location, company_id)
VALUES (96, 'Aerosmith', 'SFO', 67);

INSERT INTO projects (id, name, location, company_id)
VALUES (97, 'Stones', 'SFO', 67);

INSERT INTO projects (id, name, location, company_id)
VALUES (98, 'Zeppelin', 'ORD', 68);

INSERT INTO projects (id, name, location, company_id)
VALUES (99, 'Eagles', 'DEN', 65);

INSERT INTO projects (id, name, location, company_id)
VALUES (100, 'Maroon Five', 'DET', 62);

-- people
INSERT INTO people (id, name, email, phone)
VALUES (11, 'Lillie Simmons', 'vafomza@opjom.mg', '(282) 242-6132');

INSERT INTO people (id, name, email, phone)
VALUES (12, 'Lina Ford', 'welop@le.ng', '(927) 491-8562');

INSERT INTO people (id, name, email, phone)
VALUES (13, 'Esther Harrington', 'nolah@maosovev.bm', '(282) 840-1441');

INSERT INTO people (id, name, email, phone)
VALUES (14, 'Amelia Medina', 'falerfiz@fihvokol.ne', '(600) 662-2550');

INSERT INTO people (id, name, email, phone)
VALUES (15, 'Bertha Gilbert', 'feofool@sudrokzi.se', '(638) 854-4762');

INSERT INTO people (id, name, email, phone)
VALUES (16, 'Andre Hudson', 'mimamok@gubsik.su', '(470) 666-3510');

INSERT INTO people (id, name, email, phone)
VALUES (17, 'Elva Parks', 'ne@kefin.im', '(258) 863-8262');

INSERT INTO people (id, name, email, phone)
VALUES (18, 'Erik Mason', 'ichehuk@douwu.iq', '(978) 542-3186');

INSERT INTO people (id, name, email, phone)
VALUES (19, 'Jennie Mitchell', 'ove@sez.mm', '(609) 986-6692');

INSERT INTO people (id, name, email, phone)
VALUES (20, 'Ellen Stevens', 'ke@rit.gp', '(521) 988-4015');

INSERT INTO people (id, name, email, phone)
VALUES (21, 'Craig Lucas', 'ti@ebowatfe.an', '(805) 820-6495');

INSERT INTO people (id, name, email, phone)
VALUES (22, 'Viola Clayton', 'liwe@ze.mu', '(686) 999-8107');

INSERT INTO people (id, name, email, phone)
VALUES (23, 'Lillian Holt', 'landi@ekbapej.tf', '(287) 737-8801');

INSERT INTO people (id, name, email, phone)
VALUES (24, 'Harry Ryan', 'fouv@zete.dm', '(525) 808-1105');

INSERT INTO people (id, name, email, phone)
VALUES (25, 'Lilly Munoz', 'ibsod@zacalwal.io', '(381) 909-8807');

INSERT INTO people (id, name, email, phone)
VALUES (26, 'Joseph Vasquez', 'upbod@nodrab.bf', '(454) 720-8156');

INSERT INTO people (id, name, email, phone)
VALUES (27, 'Georgie Clarke', 'ugmav@hev.ac', '(608) 219-8551');

INSERT INTO people (id, name, email, phone)
VALUES (28, 'Leo Flowers', 'gala@lagwuse.cn', '(966) 508-3164');

INSERT INTO people (id, name, email, phone)
VALUES (29, 'Charlotte Summers', 'nen@bazket.ms', '(254) 624-6395');

INSERT INTO people (id, name, email, phone)
VALUES (30, 'Mary Hill', 'nahoab@naw.bh', '(236) 770-8135');

INSERT INTO people (id, name, email, phone)
VALUES (31, 'Tommy Stevens', 'azad@ju.tn', '(734) 940-8855');

INSERT INTO people (id, name, email, phone)
VALUES (32, 'Beulah Marshall', 'julkav@eneli.mk', '(381) 641-1241');

INSERT INTO people (id, name, email, phone)
VALUES (33, 'Juan Daniels', 'olkave@oka.mm', '(952) 912-3265');

INSERT INTO people (id, name, email, phone)
VALUES (34, 'Edna Nelson', 'reurar@puaco.nz', '(461) 905-5213');

INSERT INTO people (id, name, email, phone)
VALUES (35, 'Brian Moreno', 'anvugi@pedpuwado.gs', '(574) 303-1454');

INSERT INTO people (id, name, email, phone)
VALUES (36, 'Norman Grant', 'cosiru@ho.uz', '(275) 993-9382');

INSERT INTO people (id, name, email, phone)
VALUES (37, 'Effie Hopkins', 'ojo@howbil.bw', '(403) 820-8095');

INSERT INTO people (id, name, email, phone)
VALUES (38, 'Ada Simpson', 'uru@anho.er', '(584) 685-5452');

INSERT INTO people (id, name, email, phone)
VALUES (39, 'Craig Fisher', 'nifeg@haj.np', '(789) 992-9489');

INSERT INTO people (id, name, email, phone)
VALUES (40, 'Jared Griffin', 'guza@vu.gt', '(303) 345-6554');

INSERT INTO people (id, name, email, phone)
VALUES (41, 'Ralph Beck', 'dacjahide@nujwuz.ir', '(802) 408-4955');

INSERT INTO people (id, name, email, phone)
VALUES (42, 'Ollie Delgado', 'bibeoma@il.bi', '(553) 562-7808');

INSERT INTO people (id, name, email, phone)
VALUES (43, 'Floyd Allen', 'ohibuvvef@gada.hn', '(414) 815-2708');

INSERT INTO people (id, name, email, phone)
VALUES (44, 'Martin Thornton', 'fitu@wu.rw', '(311) 535-9566');

INSERT INTO people (id, name, email, phone)
VALUES (45, 'Madge Williamson', 'nofe@hoas.kg', '(841) 780-8891');

INSERT INTO people (id, name, email, phone)
VALUES (46, 'Brett Harmon', 'pik@numam.tr', '(541) 585-3281');

INSERT INTO people (id, name, email, phone)
VALUES (47, 'Marion Turner', 'wesifiz@rutebubih.lv', '(373) 689-2436');

INSERT INTO people (id, name, email, phone)
VALUES (48, 'Delia Nash', 'dezilge@nowowpig.vu', '(470) 277-1097');

INSERT INTO people (id, name, email, phone)
VALUES (49, 'Nancy Wells', 'duwa@peavuupa.iq', '(710) 940-4006');

INSERT INTO people (id, name, email, phone)
VALUES (50, 'Bettie Meyer', 'digojeh@dabojzap.km', '(571) 933-5219');

INSERT INTO people (id, name, email, phone)
VALUES (51, 'James Larson', 'za@cuhus.pe', '(682) 774-4325');

INSERT INTO people (id, name, email, phone)
VALUES (52, 'Glen Alvarado', 'je@acruej.sh', '(548) 318-6028');

INSERT INTO people (id, name, email, phone)
VALUES (53, 'Allen Leonard', 'sazcekev@guniak.tf', '(523) 861-5853');

INSERT INTO people (id, name, email, phone)
VALUES (54, 'Ruby Castro', 'rildek@tim.cu', '(262) 505-1416');

INSERT INTO people (id, name, email, phone)
VALUES (55, 'Bernard Wagner', 'cuk@ju.zw', '(983) 717-8991');

INSERT INTO people (id, name, email, phone)
VALUES (56, 'Kathryn Castillo', 'zebvu@nafakwug.ls', '(740) 919-8483');

INSERT INTO people (id, name, email, phone)
VALUES (57, 'Dylan Richardson', 'cik@ajo.gn', '(727) 577-1802');

INSERT INTO people (id, name, email, phone)
VALUES (58, 'Sarah Nichols', 'ozo@douke.bf', '(820) 357-2901');

INSERT INTO people (id, name, email, phone)
VALUES (59, 'Ollie Hoffman', 'bam@zeipu.to', '(930) 501-1613');

INSERT INTO people (id, name, email, phone)
VALUES (60, 'Ray Wheeler', 'dekjiz@igkahim.bb', '(231) 325-9931');

-- needs
INSERT INTO needs (id, start_date, end_date, person_id, project_id, skill_id)
VALUES (101, '2016-07-04T04:00:00.000Z', '2016-11-19T04:59:59.999Z', null, 77, 7);

INSERT INTO needs (id, start_date, end_date, person_id, project_id, skill_id)
VALUES (102, '2016-10-10T04:00:00.000Z', '2017-03-11T04:59:59.999Z', null, 81, 10);

INSERT INTO needs (id, start_date, end_date, person_id, project_id, skill_id)
VALUES (103, '2016-10-10T04:00:00.000Z', '2017-03-04T04:59:59.999Z', null, 99, 6);

INSERT INTO needs (id, start_date, end_date, person_id, project_id, skill_id)
VALUES (104, '2016-07-25T04:00:00.000Z', '2016-11-26T04:59:59.999Z', null, 76, 1);

INSERT INTO needs (id, start_date, end_date, person_id, project_id, skill_id)
VALUES (105, '2016-09-26T04:00:00.000Z', '2016-11-26T04:59:59.999Z', null, 76, 6);

INSERT INTO needs (id, start_date, end_date, person_id, project_id, skill_id)
VALUES (106, '2016-06-06T04:00:00.000Z', '2016-08-06T03:59:59.999Z', null, 85, 4);

INSERT INTO needs (id, start_date, end_date, person_id, project_id, skill_id)
VALUES (107, '2016-10-31T04:00:00.000Z', '2017-04-29T03:59:59.999Z', null, 85, 10);

INSERT INTO needs (id, start_date, end_date, person_id, project_id, skill_id)
VALUES (108, '2016-11-21T05:00:00.000Z', '2016-12-31T04:59:59.999Z', null, 71, 1);

INSERT INTO needs (id, start_date, end_date, person_id, project_id, skill_id)
VALUES (109, '2016-08-08T04:00:00.000Z', '2016-08-20T03:59:59.999Z', null, 87, 10);

INSERT INTO needs (id, start_date, end_date, person_id, project_id, skill_id)
VALUES (110, '2016-09-26T04:00:00.000Z', '2017-02-04T04:59:59.999Z', null, 99, 9);

INSERT INTO needs (id, start_date, end_date, person_id, project_id, skill_id)
VALUES (111, '2016-10-31T04:00:00.000Z', '2017-03-18T03:59:59.999Z', null, 76, 7);

INSERT INTO needs (id, start_date, end_date, person_id, project_id, skill_id)
VALUES (112, '2016-10-17T04:00:00.000Z', '2017-03-18T03:59:59.999Z', null, 76, 4);

INSERT INTO needs (id, start_date, end_date, person_id, project_id, skill_id)
VALUES (113, '2016-10-31T04:00:00.000Z', '2016-11-12T04:59:59.999Z', null, 99, 4);

INSERT INTO needs (id, start_date, end_date, person_id, project_id, skill_id)
VALUES (114, '2016-08-01T04:00:00.000Z', '2016-08-06T03:59:59.999Z', null, 76, 7);

INSERT INTO needs (id, start_date, end_date, person_id, project_id, skill_id)
VALUES (115, '2016-10-10T04:00:00.000Z', '2017-03-11T04:59:59.999Z', null, 78, 9);

INSERT INTO needs (id, start_date, end_date, person_id, project_id, skill_id)
VALUES (116, '2016-11-28T05:00:00.000Z', '2017-04-22T03:59:59.999Z', null, 95, 10);

INSERT INTO needs (id, start_date, end_date, person_id, project_id, skill_id)
VALUES (117, '2016-11-07T05:00:00.000Z', '2017-01-07T04:59:59.999Z', null, 81, 5);

INSERT INTO needs (id, start_date, end_date, person_id, project_id, skill_id)
VALUES (118, '2016-07-04T04:00:00.000Z', '2016-10-08T03:59:59.999Z', null, 88, 8);

INSERT INTO needs (id, start_date, end_date, person_id, project_id, skill_id)
VALUES (119, '2016-07-11T04:00:00.000Z', '2016-12-03T04:59:59.999Z', null, 89, 6);

INSERT INTO needs (id, start_date, end_date, person_id, project_id, skill_id)
VALUES (120, '2016-09-05T04:00:00.000Z', '2016-12-03T04:59:59.999Z', null, 84, 3);

INSERT INTO needs (id, start_date, end_date, person_id, project_id, skill_id)
VALUES (121, '2016-06-13T04:00:00.000Z', '2016-11-19T04:59:59.999Z', null, 90, 6);

INSERT INTO needs (id, start_date, end_date, person_id, project_id, skill_id)
VALUES (122, '2016-11-07T05:00:00.000Z', '2017-01-07T04:59:59.999Z', null, 100, 4);

INSERT INTO needs (id, start_date, end_date, person_id, project_id, skill_id)
VALUES (123, '2016-07-25T04:00:00.000Z', '2016-09-03T03:59:59.999Z', null, 82, 10);

INSERT INTO needs (id, start_date, end_date, person_id, project_id, skill_id)
VALUES (124, '2016-09-26T04:00:00.000Z', '2016-12-31T04:59:59.999Z', null, 100, 4);

INSERT INTO needs (id, start_date, end_date, person_id, project_id, skill_id)
VALUES (125, '2016-09-26T04:00:00.000Z', '2016-11-05T03:59:59.999Z', null, 77, 8);

INSERT INTO needs (id, start_date, end_date, person_id, project_id, skill_id)
VALUES (126, '2016-08-29T04:00:00.000Z', '2016-12-31T04:59:59.999Z', null, 74, 7);

INSERT INTO needs (id, start_date, end_date, person_id, project_id, skill_id)
VALUES (127, '2016-09-19T04:00:00.000Z', '2017-03-04T04:59:59.999Z', null, 72, 3);

INSERT INTO needs (id, start_date, end_date, person_id, project_id, skill_id)
VALUES (128, '2016-08-22T04:00:00.000Z', '2016-10-15T03:59:59.999Z', null, 81, 6);

INSERT INTO needs (id, start_date, end_date, person_id, project_id, skill_id)
VALUES (129, '2016-10-10T04:00:00.000Z', '2017-03-11T04:59:59.999Z', null, 88, 10);

INSERT INTO needs (id, start_date, end_date, person_id, project_id, skill_id)
VALUES (130, '2016-06-13T04:00:00.000Z', '2016-07-02T03:59:59.999Z', null, 93, 8);

INSERT INTO needs (id, start_date, end_date, person_id, project_id, skill_id)
VALUES (131, '2016-11-21T05:00:00.000Z', '2016-11-26T04:59:59.999Z', null, 86, 4);

INSERT INTO needs (id, start_date, end_date, person_id, project_id, skill_id)
VALUES (132, '2016-10-03T04:00:00.000Z', '2017-02-04T04:59:59.999Z', null, 88, 8);

INSERT INTO needs (id, start_date, end_date, person_id, project_id, skill_id)
VALUES (133, '2016-10-24T04:00:00.000Z', '2016-12-24T04:59:59.999Z', null, 95, 10);

INSERT INTO needs (id, start_date, end_date, person_id, project_id, skill_id)
VALUES (134, '2016-08-22T04:00:00.000Z', '2016-12-31T04:59:59.999Z', null, 84, 5);

INSERT INTO needs (id, start_date, end_date, person_id, project_id, skill_id)
VALUES (135, '2016-06-27T04:00:00.000Z', '2016-10-22T03:59:59.999Z', null, 95, 1);

INSERT INTO needs (id, start_date, end_date, person_id, project_id, skill_id)
VALUES (136, '2016-08-22T04:00:00.000Z', '2016-08-27T03:59:59.999Z', null, 71, 6);

INSERT INTO needs (id, start_date, end_date, person_id, project_id, skill_id)
VALUES (137, '2016-07-25T04:00:00.000Z', '2016-09-24T03:59:59.999Z', null, 73, 10);

INSERT INTO needs (id, start_date, end_date, person_id, project_id, skill_id)
VALUES (138, '2016-11-28T05:00:00.000Z', '2017-05-06T03:59:59.999Z', null, 89, 2);

INSERT INTO needs (id, start_date, end_date, person_id, project_id, skill_id)
VALUES (139, '2016-06-20T04:00:00.000Z', '2016-11-26T04:59:59.999Z', null, 83, 5);

INSERT INTO needs (id, start_date, end_date, person_id, project_id, skill_id)
VALUES (140, '2016-10-17T04:00:00.000Z', '2017-04-01T03:59:59.999Z', null, 78, 5);

INSERT INTO needs (id, start_date, end_date, person_id, project_id, skill_id)
VALUES (141, '2016-09-05T04:00:00.000Z', '2017-02-11T04:59:59.999Z', null, 99, 9);

INSERT INTO needs (id, start_date, end_date, person_id, project_id, skill_id)
VALUES (142, '2016-08-08T04:00:00.000Z', '2016-11-05T03:59:59.999Z', null, 99, 10);

INSERT INTO needs (id, start_date, end_date, person_id, project_id, skill_id)
VALUES (143, '2016-06-06T04:00:00.000Z', '2016-10-01T03:59:59.999Z', null, 72, 6);

INSERT INTO needs (id, start_date, end_date, person_id, project_id, skill_id)
VALUES (144, '2016-10-03T04:00:00.000Z', '2016-11-12T04:59:59.999Z', null, 92, 7);

INSERT INTO needs (id, start_date, end_date, person_id, project_id, skill_id)
VALUES (145, '2016-07-25T04:00:00.000Z', '2016-11-12T04:59:59.999Z', null, 72, 9);

INSERT INTO needs (id, start_date, end_date, person_id, project_id, skill_id)
VALUES (146, '2016-08-22T04:00:00.000Z', '2016-11-19T04:59:59.999Z', null, 98, 7);

INSERT INTO needs (id, start_date, end_date, person_id, project_id, skill_id)
VALUES (147, '2016-10-10T04:00:00.000Z', '2016-10-15T03:59:59.999Z', null, 88, 6);

INSERT INTO needs (id, start_date, end_date, person_id, project_id, skill_id)
VALUES (148, '2016-11-21T05:00:00.000Z', '2016-12-17T04:59:59.999Z', null, 77, 9);

INSERT INTO needs (id, start_date, end_date, person_id, project_id, skill_id)
VALUES (149, '2016-08-29T04:00:00.000Z', '2016-12-31T04:59:59.999Z', null, 82, 7);

INSERT INTO needs (id, start_date, end_date, person_id, project_id, skill_id)
VALUES (150, '2016-09-26T04:00:00.000Z', '2017-03-11T04:59:59.999Z', null, 100, 7);
